번호,화장실이름,관리부서,주소,시도코드,시도이름,시군구코드,시군구이름,행정동코드,행정동이름,법정동코드,법정동이름
851,구즉동주민센터 1층,대전광역시 유성구청,대전광역시 유성구 봉산동 294,3000000000,대전광역시,3020000000,유성구,3020058000,구즉동,3020014500,봉산동
852,봉산어린이공원,대전광역시 유성구청,대전광역시 유성구 봉산동 216,3000000000,대전광역시,3020000000,유성구,3020058000,구즉동,3020014500,봉산동
853,장성어린이공원,대전광역시 유성구청,대전광역시 유성구 봉산동 186,3000000000,대전광역시,3020000000,유성구,3020058000,구즉동,3020014500,봉산동
855,암웨이프라자대전점,대전광역시 유성구청,대전광역시 유성구 봉명동 692-5,3000000000,대전광역시,3020000000,유성구,3020053000,온천1동,3020011100,봉명동
857,대전유성경찰서 유성지구대,대전광역시 유성구청,대전광역시 유성구 봉명동 676-1,3000000000,대전광역시,3020000000,유성구,3020053000,온천1동,3020011100,봉명동
858,대전광역시 상수도사업본부 유성사업소 4층,대전광역시 유성구청,대전광역시 유성구 봉명동 665-1,3000000000,대전광역시,3020000000,유성구,3020053000,온천1동,3020011100,봉명동
859,대전광역시 상수도사업본부 유성사업소 3층,대전광역시 유성구청,대전광역시 유성구 봉명동 665-1,3000000000,대전광역시,3020000000,유성구,3020053000,온천1동,3020011100,봉명동
860,대전광역시 상수도사업본부 유성사업소 2층,대전광역시 유성구청,대전광역시 유성구 봉명동 665-1,3000000000,대전광역시,3020000000,유성구,3020053000,온천1동,3020011100,봉명동
861,대전광역시 상수도사업본부 유성사업소 1층,대전광역시 유성구청,대전광역시 유성구 봉명동 665-1,3000000000,대전광역시,3020000000,유성구,3020053000,온천1동,3020011100,봉명동
866,상록빌딩,대전광역시 유성구청,대전광역시 유성구 봉명동 604-1,3000000000,대전광역시,3020000000,유성구,3020053000,온천1동,3020011100,봉명동
867,한방족욕카페,대전광역시 유성구청,대전광역시 유성구 봉명동 574,3000000000,대전광역시,3020000000,유성구,3020053000,온천1동,3020011100,봉명동
868,유성명물문화공원 - 아드리아호텔 앞,대전광역시 유성구청,대전광역시 유성구 봉명동 574,3000000000,대전광역시,3020000000,유성구,3020053000,온천1동,3020011100,봉명동
872,유성온천역,대전광역시 유성구청,대전광역시 유성구 봉명동 551-7,3000000000,대전광역시,3020000000,유성구,3020053000,온천1동,3020011100,봉명동
873,경성복집,대전광역시 유성구청,대전광역시 유성구 봉명동 540-1,3000000000,대전광역시,3020000000,유성구,3020053000,온천1동,3020011100,봉명동
876,온천관리사무소 2층,대전광역시 유성구청,대전광역시 유성구 봉명동 537-1,3000000000,대전광역시,3020000000,유성구,3020053000,온천1동,3020011100,봉명동
877,온천관리사무소 1층,대전광역시 유성구청,대전광역시 유성구 봉명동 537-1,3000000000,대전광역시,3020000000,유성구,3020053000,온천1동,3020011100,봉명동
881,유림근린공원-하,대전광역시 유성구청,대전광역시 유성구 봉명동 496-39,3000000000,대전광역시,3020000000,유성구,3020053000,온천1동,3020011100,봉명동
882,유성구 종합사회복지관 3층,대전광역시 유성구청,대전광역시 유성구 봉명동 451-5,3000000000,대전광역시,3020000000,유성구,3020053000,온천1동,3020011100,봉명동
883,유성구 종합사회복지관 2층,대전광역시 유성구청,대전광역시 유성구 봉명동 451-5,3000000000,대전광역시,3020000000,유성구,3020053000,온천1동,3020011100,봉명동
884,유성구 종합사회복지관 1층,대전광역시 유성구청,대전광역시 유성구 봉명동 451-5,3000000000,대전광역시,3020000000,유성구,3020053000,온천1동,3020011100,봉명동
885,유성구 종합사회복지관 1층 탈의실,대전광역시 유성구청,대전광역시 유성구 봉명동 451-5,3000000000,대전광역시,3020000000,유성구,3020053000,온천1동,3020011100,봉명동
886,유성구 종합사회복지관 지하1층,대전광역시 유성구청,대전광역시 유성구 봉명동 451-5,3000000000,대전광역시,3020000000,유성구,3020053000,온천1동,3020011100,봉명동
887,온천1동주민센터 3층,대전광역시 유성구청,대전광역시 유성구 봉명동 451,3000000000,대전광역시,3020000000,유성구,3020053000,온천1동,3020011100,봉명동
888,온천1동주민센터 2층,대전광역시 유성구청,대전광역시 유성구 봉명동 451,3000000000,대전광역시,3020000000,유성구,3020053000,온천1동,3020011100,봉명동
889,온천1동주민센터 1층,대전광역시 유성구청,대전광역시 유성구 봉명동 451,3000000000,대전광역시,3020000000,유성구,3020053000,온천1동,3020011100,봉명동
891,작은내수변공원,대전광역시 유성구청,대전광역시 유성구 봉명동 1057,3000000000,대전광역시,3020000000,유성구,3020061000,원신흥동,3020011100,봉명동
892,용반들근린공원,대전광역시 유성구청,대전광역시 유성구 봉명동 1025-1,3000000000,대전광역시,3020000000,유성구,3020061000,원신흥동,3020011100,봉명동
893,유림근린공원,대전광역시 유성구청,대전광역시 유성구 봉명동 1013,3000000000,대전광역시,3020000000,유성구,3020053000,온천1동,3020011100,봉명동
894,복용근린공원,대전광역시 유성구청,대전광역시 유성구 복용동 456-4,3000000000,대전광역시,3020000000,유성구,3020052000,진잠동,3020011600,복용동
897,(주)신전사방동LPG충전소,대전광역시 유성구청,대전광역시 유성구 방동 474-4,3000000000,대전광역시,3020000000,유성구,3020052000,진잠동,3020011000,방동
901,방동저수지,대전광역시 유성구청,대전광역시 유성구 방동 144-3,3000000000,대전광역시,3020000000,유성구,3020052000,진잠동,3020011000,방동
902,라이온스동산,대전광역시 유성구청,대전광역시 유성구 방동 11-1,3000000000,대전광역시,3020000000,유성구,3020052000,진잠동,3020011000,방동
904,미즈여성병원,대전광역시 유성구청,대전광역시 유성구 반석동 664-3,3000000000,대전광역시,3020000000,유성구,3020054700,노은2동,3020013900,반석동
906,더존타워,대전광역시 유성구청,대전광역시 유성구 반석동 640-1,3000000000,대전광역시,3020000000,유성구,3020054800,노은3동,3020013900,반석동
910,노은2동우체국,대전광역시 유성구청,대전광역시 유성구 반석동 620-2,3000000000,대전광역시,3020000000,유성구,3020054800,노은3동,3020013900,반석동
911,반석역,대전광역시 유성구청,대전광역시 유성구 반석동 56,3000000000,대전광역시,3020000000,유성구,3020054700,노은2동,3020013900,반석동
912,반석공원,대전광역시 유성구청,대전광역시 유성구 반석동 17-2,3000000000,대전광역시,3020000000,유성구,3020054700,노은2동,3020013900,반석동
913,세미래공원,대전광역시 유성구청,대전광역시 유성구 반석동 115-1,3000000000,대전광역시,3020000000,유성구,3020054800,노은3동,3020013900,반석동
914,유성구 평생학습원 전민센터 지하1층,대전광역시 유성구청,대전광역시 유성구 문지동 258-1,3000000000,대전광역시,3020000000,유성구,3020057000,전민동,3020014000,문지동
915,유성구 평생학습원 전민센터 4층,대전광역시 유성구청,대전광역시 유성구 문지동 258-1,3000000000,대전광역시,3020000000,유성구,3020057000,전민동,3020014000,문지동
916,유성구 평생학습원 전민센터 3층,대전광역시 유성구청,대전광역시 유성구 문지동 258-1,3000000000,대전광역시,3020000000,유성구,3020057000,전민동,3020014000,문지동
917,유성구 평생학습원 전민센터 2층,대전광역시 유성구청,대전광역시 유성구 문지동 258-1,3000000000,대전광역시,3020000000,유성구,3020057000,전민동,3020014000,문지동
918,유성구 평생학습원 전민센터 1층,대전광역시 유성구청,대전광역시 유성구 문지동 258-1,3000000000,대전광역시,3020000000,유성구,3020057000,전민동,3020014000,문지동
919,한국산업안전보건공단 대전지역본부 4층,대전광역시 유성구청,대전광역시 유성구 문지동 104-7,3000000000,대전광역시,3020000000,유성구,3020057000,전민동,3020014000,문지동
920,한국산업안전보건공단 대전지역본부 3층,대전광역시 유성구청,대전광역시 유성구 문지동 104-7,3000000000,대전광역시,3020000000,유성구,3020057000,전민동,3020014000,문지동
921,한국산업안전보건공단 대전지역본부 2층,대전광역시 유성구청,대전광역시 유성구 문지동 104-7,3000000000,대전광역시,3020000000,유성구,3020057000,전민동,3020014000,문지동
922,한국산업안전보건공단 대전지역본부 1층,대전광역시 유성구청,대전광역시 유성구 문지동 104-7,3000000000,대전광역시,3020000000,유성구,3020057000,전민동,3020014000,문지동
925,대덕연구단지우체국,대전광역시 유성구청,대전광역시 유성구 도룡동 394-3,3000000000,대전광역시,3020000000,유성구,3020055000,신성동,3020012700,도룡동
926,대전유성경찰서 도룡지구대,대전광역시 유성구청,대전광역시 유성구 도룡동 394-2,3000000000,대전광역시,3020000000,유성구,3020055000,신성동,3020012700,도룡동
927,천주교도룡동교회,대전광역시 유성구청,대전광역시 유성구 도룡동 380-55,3000000000,대전광역시,3020000000,유성구,3020055000,신성동,3020012700,도룡동
928,대전무역전시관(외부),대전광역시 유성구청,대전광역시 유성구 도룡동 3-8,3000000000,대전광역시,3020000000,유성구,3020055000,신성동,3020012700,도룡동
929,대전무역전시관(내부),대전광역시 유성구청,대전광역시 유성구 도룡동 3-8,3000000000,대전광역시,3020000000,유성구,3020055000,신성동,3020012700,도룡동
930,대전북부소방서 1층,대전광역시 유성구청,대전광역시 유성구 도룡동 3-1,3000000000,대전광역시,3020000000,유성구,3020055000,신성동,3020012700,도룡동
931,대전마케팅공사 4층,대전광역시 유성구청,대전광역시 유성구 도룡동 3-1,3000000000,대전광역시,3020000000,유성구,3020055000,신성동,3020012700,도룡동
932,대전마케팅공사 3층,대전광역시 유성구청,대전광역시 유성구 도룡동 3-1,3000000000,대전광역시,3020000000,유성구,3020055000,신성동,3020012700,도룡동
933,대전마케팅공사 2층,대전광역시 유성구청,대전광역시 유성구 도룡동 3-1,3000000000,대전광역시,3020000000,유성구,3020055000,신성동,3020012700,도룡동
934,대전마케팅공사 1층,대전광역시 유성구청,대전광역시 유성구 도룡동 3-1,3000000000,대전광역시,3020000000,유성구,3020055000,신성동,3020012700,도룡동
935,대전마케팅공사 지하1층,대전광역시 유성구청,대전광역시 유성구 도룡동 3-1,3000000000,대전광역시,3020000000,유성구,3020055000,신성동,3020012700,도룡동
943,대전교도소,대전광역시 유성구청,대전광역시 유성구 대정동 36,3000000000,대전광역시,3020000000,유성구,3020052000,진잠동,3020010300,대정동
944,한샘근린공원,대전광역시 유성구청,대전광역시 유성구 대정동 305,3000000000,대전광역시,3020000000,유성구,3020052000,진잠동,3020010300,대정동
945,(주)한진대정주유소,대전광역시 유성구청,대전광역시 유성구 대정동 300-1,3000000000,대전광역시,3020000000,유성구,3020052000,진잠동,3020010300,대정동
946,노은농수산물도매시장 환경관리동,대전광역시 유성구청,대전광역시 유성구 노은동 566,3000000000,대전광역시,3020000000,유성구,3020054600,노은1동,3020011900,노은동
947,노은농수산물도매시장 수산동 2층,대전광역시 유성구청,대전광역시 유성구 노은동 566,3000000000,대전광역시,3020000000,유성구,3020054600,노은1동,3020011900,노은동
948,노은농수산물도매시장 수산동 1층,대전광역시 유성구청,대전광역시 유성구 노은동 566,3000000000,대전광역시,3020000000,유성구,3020054600,노은1동,3020011900,노은동
949,대전세관 1층,대전광역시 유성구청,대전광역시 유성구 탑립동 693,3000000000,대전광역시,3020000000,유성구,3020060000,관평동,3020014300,탑립동
952,대전유성경찰서 노은파출소 2층,대전광역시 유성구청,대전광역시 유성구 지족동 921,3000000000,대전광역시,3020000000,유성구,3020054600,노은1동,3020012000,지족동
953,대전유성경찰서 노은파출소 1층,대전광역시 유성구청,대전광역시 유성구 지족동 921,3000000000,대전광역시,3020000000,유성구,3020054600,노은1동,3020012000,지족동
954,은구비공원,대전광역시 유성구청,대전광역시 유성구 지족동 920 은구비공원 화장실,3000000000,대전광역시,3020000000,유성구,3020054600,노은1동,3020012000,지족동
957,노은역,대전광역시 유성구청,대전광역시 유성구 지족동 903,3000000000,대전광역시,3020000000,유성구,3020054600,노은1동,3020012000,지족동
961,노은농수산물도매시장 양념동,대전광역시 유성구청,대전광역시 유성구 노은동 566,3000000000,대전광역시,3020000000,유성구,3020054600,노은1동,3020011900,노은동
962,노은농수산물도매시장 저온경매장,대전광역시 유성구청,대전광역시 유성구 노은동 566,3000000000,대전광역시,3020000000,유성구,3020054600,노은1동,3020011900,노은동
963,노은농수산물도매시장 구근류동,대전광역시 유성구청,대전광역시 유성구 노은동 566,3000000000,대전광역시,3020000000,유성구,3020054600,노은1동,3020011900,노은동
964,노은농수산물도매시장 친환경경매장,대전광역시 유성구청,대전광역시 유성구 노은동 566,3000000000,대전광역시,3020000000,유성구,3020054600,노은1동,3020011900,노은동
965,노은농수산물도매시장 채소B동,대전광역시 유성구청,대전광역시 유성구 노은동 566,3000000000,대전광역시,3020000000,유성구,3020054600,노은1동,3020011900,노은동
937,복용승마장 3층,대전광역시 유성구청,대전광역시 유성구 덕명동 산10-11,3000000000,대전광역시,3020000000,유성구,3020052000,진잠동,3020011300,덕명동
938,복용승마장 2층,대전광역시 유성구청,대전광역시 유성구 덕명동 산10-11,3000000000,대전광역시,3020000000,유성구,3020052000,진잠동,3020011300,덕명동
939,복용승마장 1층,대전광역시 유성구청,대전광역시 유성구 덕명동 산10-11,3000000000,대전광역시,3020000000,유성구,3020052000,진잠동,3020011300,덕명동
940,미로공원,대전광역시 유성구청,대전광역시 유성구 덕명동 584,3000000000,대전광역시,3020000000,유성구,3020052000,진잠동,3020011300,덕명동
941,시간공원,대전광역시 유성구청,대전광역시 유성구 덕명동 527,3000000000,대전광역시,3020000000,유성구,3020052000,진잠동,3020011300,덕명동
966,노은농수산물도매시장 채소A동,대전광역시 유성구청,대전광역시 유성구 노은동 566,3000000000,대전광역시,3020000000,유성구,3020054600,노은1동,3020011900,노은동
967,노은농수산물도매시장 청과물동 2층,대전광역시 유성구청,대전광역시 유성구 노은동 566,3000000000,대전광역시,3020000000,유성구,3020054600,노은1동,3020011900,노은동
968,노은농수산물도매시장 청과물동 1층,대전광역시 유성구청,대전광역시 유성구 노은동 566,3000000000,대전광역시,3020000000,유성구,3020054600,노은1동,3020011900,노은동
969,노은농수산물도매시장 청과물동 지하층,대전광역시 유성구청,대전광역시 유성구 노은동 566,3000000000,대전광역시,3020000000,유성구,3020054600,노은1동,3020011900,노은동
970,월드컵경기장역,대전광역시 유성구청,대전광역시 유성구 노은동 566,3000000000,대전광역시,3020000000,유성구,3020054600,노은1동,3020011900,노은동
971,노은1동주민센터 3층,대전광역시 유성구청,대전광역시 유성구 노은동 546,3000000000,대전광역시,3020000000,유성구,3020054600,노은1동,3020011900,노은동
972,노은1동주민센터 2층,대전광역시 유성구청,대전광역시 유성구 노은동 546,3000000000,대전광역시,3020000000,유성구,3020054600,노은1동,3020011900,노은동
973,노은1동주민센터 1층,대전광역시 유성구청,대전광역시 유성구 노은동 546,3000000000,대전광역시,3020000000,유성구,3020054600,노은1동,3020011900,노은동
976,대전광역시 선사박물관 2층,대전광역시 유성구청,대전광역시 유성구 노은동 523,3000000000,대전광역시,3020000000,유성구,3020054600,노은1동,3020011900,노은동
977,대전광역시 선사박물관 1층,대전광역시 유성구청,대전광역시 유성구 노은동 523,3000000000,대전광역시,3020000000,유성구,3020054600,노은1동,3020011900,노은동
978,노은119안전센터 1층,대전광역시 유성구청,대전광역시 유성구 노은동 503-6,3000000000,대전광역시,3020000000,유성구,3020054600,노은1동,3020011900,노은동
979,대전지방기상청 2층,대전광역시 유성구청,대전광역시 유성구 구성동 22,3000000000,대전광역시,3020000000,유성구,3020054000,온천2동,3020012400,구성동
980,대전지방기상청 1층,대전광역시 유성구청,대전광역시 유성구 구성동 22,3000000000,대전광역시,3020000000,유성구,3020054000,온천2동,3020012400,구성동
981,금강유역환경청 별관3층 남자화장실,대전광역시 유성구청,대전광역시 유성구 구성동 21-1,3000000000,대전광역시,3020000000,유성구,3020054000,온천2동,3020012400,구성동
982,금강유역환경청 별관2층,대전광역시 유성구청,대전광역시 유성구 구성동 21-1,3000000000,대전광역시,3020000000,유성구,3020054000,온천2동,3020012400,구성동
983,금강유역환경청 별관1층 남자화장실,대전광역시 유성구청,대전광역시 유성구 구성동 21-1,3000000000,대전광역시,3020000000,유성구,3020054000,온천2동,3020012400,구성동
984,금강유역환경청 본관3층,대전광역시 유성구청,대전광역시 유성구 구성동 21-1,3000000000,대전광역시,3020000000,유성구,3020054000,온천2동,3020012400,구성동
985,금강유역환경청 본관1층,대전광역시 유성구청,대전광역시 유성구 구성동 21-1,3000000000,대전광역시,3020000000,유성구,3020054000,온천2동,3020012400,구성동
986,금강유역환경청 본관2층,대전광역시 유성구청,대전광역시 유성구 구성동 21-1,3000000000,대전광역시,3020000000,유성구,3020054000,온천2동,3020012400,구성동
987,금강유역환경청 실험동2층,대전광역시 유성구청,대전광역시 유성구 구성동 21-1,3000000000,대전광역시,3020000000,유성구,3020054000,온천2동,3020012400,구성동
988,성두산근린공원-후,대전광역시 유성구청,대전광역시 유성구 구성동 20,3000000000,대전광역시,3020000000,유성구,3020054000,온천2동,3020012400,구성동
989,성두산근린공원-전,대전광역시 유성구청,대전광역시 유성구 구성동 20,3000000000,대전광역시,3020000000,유성구,3020054000,온천2동,3020012400,구성동
992,촌정선곤드레밥,대전광역시 유성구청,대전광역시 유성구 지족동 884-2,3000000000,대전광역시,3020000000,유성구,3020054600,노은1동,3020012000,지족동
994,두루봉근린공원,대전광역시 유성구청,대전광역시 유성구 지족동 881-1,3000000000,대전광역시,3020000000,유성구,3020054700,노은2동,3020012000,지족동
997,노은도서관 1층,대전광역시 유성구청,대전광역시 유성구 지족동 871-6,3000000000,대전광역시,3020000000,유성구,3020054700,노은2동,3020012000,지족동
998,노은도서관 지하1층,대전광역시 유성구청,대전광역시 유성구 지족동 871-6,3000000000,대전광역시,3020000000,유성구,3020054700,노은2동,3020012000,지족동
1001,지족역,대전광역시 유성구청,대전광역시 유성구 지족동 836,3000000000,대전광역시,3020000000,유성구,3020054800,노은3동,3020012000,지족동
1003,해랑숲근린공원,대전광역시 유성구청,대전광역시 유성구 지족동 561,3000000000,대전광역시,3020000000,유성구,3020054800,노은3동,3020012000,지족동
1004,덜레기근린공원,대전광역시 유성구청,대전광역시 유성구 원신흥동 523,3000000000,대전광역시,3020000000,유성구,3020061000,원신흥동,3020011400,원신흥동
1005,원신흥동주민센터 3층,대전광역시 유성구청,대전광역시 유성구 원신흥동 491-14,3000000000,대전광역시,3020000000,유성구,3020061000,원신흥동,3020011400,원신흥동
1006,원신흥동주민센터 2층,대전광역시 유성구청,대전광역시 유성구 원신흥동 491-14,3000000000,대전광역시,3020000000,유성구,3020061000,원신흥동,3020011400,원신흥동
1007,원신흥동주민센터 1층,대전광역시 유성구청,대전광역시 유성구 원신흥동 491-14,3000000000,대전광역시,3020000000,유성구,3020061000,원신흥동,3020011400,원신흥동
1008,진잠우체국,대전광역시 유성구청,대전광역시 유성구 원내동 92-14,3000000000,대전광역시,3020000000,유성구,3020052000,진잠동,3020010100,원내동
1009,진잠도서관 2층,대전광역시 유성구청,대전광역시 유성구 원내동 83,3000000000,대전광역시,3020000000,유성구,3020052000,진잠동,3020010100,원내동
1010,진잠도서관 1층,대전광역시 유성구청,대전광역시 유성구 원내동 83,3000000000,대전광역시,3020000000,유성구,3020052000,진잠동,3020010100,원내동
1011,진잠도서관 지하1층,대전광역시 유성구청,대전광역시 유성구 원내동 83,3000000000,대전광역시,3020000000,유성구,3020052000,진잠동,3020010100,원내동
1012,솔마루공원,대전광역시 유성구청,대전광역시 유성구 원내동 81,3000000000,대전광역시,3020000000,유성구,3020052000,진잠동,3020010100,원내동
1013,원내119안전센터 1층,대전광역시 유성구청,대전광역시 유성구 원내동 702-70,3000000000,대전광역시,3020000000,유성구,3020052000,진잠동,3020010100,원내동
1015,진잠체육공원,대전광역시 유성구청,대전광역시 유성구 원내동 416-2,3000000000,대전광역시,3020000000,유성구,3020052000,진잠동,3020010100,원내동
1142,지질박물관 2층,대전광역시 유성구청,대전광역시 유성구 가정동 30,3000000000,대전광역시,3020000000,유성구,3020055000,신성동,3020012600,가정동
1018,대전광역시 농업기술센터 농기계동,대전광역시 유성구청,대전광역시 유성구 교촌동 568-1,3000000000,대전광역시,3020000000,유성구,3020052000,진잠동,3020010200,교촌동
1019,대전광역시 농업기술센터 농심관2층,대전광역시 유성구청,대전광역시 유성구 교촌동 568-1,3000000000,대전광역시,3020000000,유성구,3020052000,진잠동,3020010200,교촌동
1020,대전광역시 농업기술센터 농심관1층,대전광역시 유성구청,대전광역시 유성구 교촌동 568-1,3000000000,대전광역시,3020000000,유성구,3020052000,진잠동,3020010200,교촌동
1021,대전광역시 농업기술센터 본관2층,대전광역시 유성구청,대전광역시 유성구 교촌동 568-1,3000000000,대전광역시,3020000000,유성구,3020052000,진잠동,3020010200,교촌동
1022,대전광역시 농업기술센터 본관1층,대전광역시 유성구청,대전광역시 유성구 교촌동 568-1,3000000000,대전광역시,3020000000,유성구,3020052000,진잠동,3020010200,교촌동
1023,대전광역시 농업기술센터 원예치료실,대전광역시 유성구청,대전광역시 유성구 교촌동 568-1,3000000000,대전광역시,3020000000,유성구,3020052000,진잠동,3020010200,교촌동
1027,관평도서관 2층,대전광역시 유성구청,대전광역시 유성구 관평동 917,3000000000,대전광역시,3020000000,유성구,3020060000,관평동,3020014600,관평동
1028,관평도서관 1층,대전광역시 유성구청,대전광역시 유성구 관평동 917,3000000000,대전광역시,3020000000,유성구,3020060000,관평동,3020014600,관평동
1030,관평동주민센터 3층,대전광역시 유성구청,대전광역시 유성구 관평동 905,3000000000,대전광역시,3020000000,유성구,3020060000,관평동,3020014600,관평동
1031,관평동주민센터 2층,대전광역시 유성구청,대전광역시 유성구 관평동 905,3000000000,대전광역시,3020000000,유성구,3020060000,관평동,3020014600,관평동
1032,관평동주민센터 1층,대전광역시 유성구청,대전광역시 유성구 관평동 905,3000000000,대전광역시,3020000000,유성구,3020060000,관평동,3020014600,관평동
1034,장배기공원,대전광역시 유성구청,대전광역시 유성구 관평동 886,3000000000,대전광역시,3020000000,유성구,3020060000,관평동,3020014600,관평동
1035,동화울수변공원,대전광역시 유성구청,대전광역시 유성구 관평동 771,3000000000,대전광역시,3020000000,유성구,3020060000,관평동,3020014600,관평동
1036,대전광역시 근로종합복지회관 5층,대전광역시 유성구청,대전광역시 유성구 관평동 767,3000000000,대전광역시,3020000000,유성구,3020060000,관평동,3020014600,관평동
1037,대전광역시 근로종합복지회관 4층,대전광역시 유성구청,대전광역시 유성구 관평동 767,3000000000,대전광역시,3020000000,유성구,3020060000,관평동,3020014600,관평동
1038,대전광역시 근로종합복지회관 3층,대전광역시 유성구청,대전광역시 유성구 관평동 767,3000000000,대전광역시,3020000000,유성구,3020060000,관평동,3020014600,관평동
1039,대전광역시 건강가정지원센터 2층,대전광역시 유성구청,대전광역시 유성구 관평동 767,3000000000,대전광역시,3020000000,유성구,3020060000,관평동,3020014600,관평동
1040,대전광역시 건강가정지원센터 1층,대전광역시 유성구청,대전광역시 유성구 관평동 767,3000000000,대전광역시,3020000000,유성구,3020060000,관평동,3020014600,관평동
1043,삽재고개,대전광역시 유성구청,대전광역시 유성구 갑동 산40-1,3000000000,대전광역시,3020000000,유성구,3020054600,노은1동,3020011800,갑동
1048,진잠다목적체육관 2층,대전광역시 유성구청,대전광역시 유성구 원내동 358,3000000000,대전광역시,3020000000,유성구,3020052000,진잠동,3020010100,원내동
1049,진잠다목적체육관 1층,대전광역시 유성구청,대전광역시 유성구 원내동 358,3000000000,대전광역시,3020000000,유성구,3020052000,진잠동,3020010100,원내동
1050,진잠근린공원,대전광역시 유성구청,대전광역시 유성구 원내동 358,3000000000,대전광역시,3020000000,유성구,3020052000,진잠동,3020010100,원내동
1051,청룡어린이공원,대전광역시 유성구청,대전광역시 유성구 원내동 340-7,3000000000,대전광역시,3020000000,유성구,3020052000,진잠동,3020010100,원내동
1054,진잠동주민센터,대전광역시 유성구청,대전광역시 유성구 원내동 213-4,3000000000,대전광역시,3020000000,유성구,3020052000,진잠동,3020010100,원내동
1055,대전유성경찰서 진잠파출소,대전광역시 유성구청,대전광역시 유성구 원내동 213-3,3000000000,대전광역시,3020000000,유성구,3020052000,진잠동,3020010100,원내동
1056,유성구 진잠건강나눔센터 4층,대전광역시 유성구청,대전광역시 유성구 원내동 200-7,3000000000,대전광역시,3020000000,유성구,3020052000,진잠동,3020010100,원내동
1057,유성구 진잠건강나눔센터 3층,대전광역시 유성구청,대전광역시 유성구 원내동 200-7,3000000000,대전광역시,3020000000,유성구,3020052000,진잠동,3020010100,원내동
1059,노은3동주민센터 3층,대전광역시 유성구청,대전광역시 유성구 지족동 1024-2,3000000000,대전광역시,3020000000,유성구,3020054800,노은3동,3020012000,지족동
1060,노은3동주민센터 2층,대전광역시 유성구청,대전광역시 유성구 지족동 1024-2,3000000000,대전광역시,3020000000,유성구,3020054800,노은3동,3020012000,지족동
1061,노은3동주민센터 1층,대전광역시 유성구청,대전광역시 유성구 지족동 1024-2,3000000000,대전광역시,3020000000,유성구,3020054800,노은3동,3020012000,지족동
1062,노은3동영어도서관,대전광역시 유성구청,대전광역시 유성구 지족동 1024-2,3000000000,대전광역시,3020000000,유성구,3020054800,노은3동,3020012000,지족동
1063,유성구 행복누리재단 죽동문화센터 4층,대전광역시 유성구청,대전광역시 유성구 죽동 693,3000000000,대전광역시,3020000000,유성구,3020054000,온천2동,3020012100,죽동
1064,유성구 행복누리재단 죽동문화센터 3층,대전광역시 유성구청,대전광역시 유성구 죽동 693,3000000000,대전광역시,3020000000,유성구,3020054000,온천2동,3020012100,죽동
1065,유성구 행복누리재단 죽동문화센터 2층,대전광역시 유성구청,대전광역시 유성구 죽동 693,3000000000,대전광역시,3020000000,유성구,3020054000,온천2동,3020012100,죽동
1066,유성구 행복누리재단 죽동문화센터 1층,대전광역시 유성구청,대전광역시 유성구 죽동 693,3000000000,대전광역시,3020000000,유성구,3020054000,온천2동,3020012100,죽동
1067,대전유성경찰서 1층(좌),대전광역시 유성구청,대전광역시 유성구 죽동 629,3000000000,대전광역시,3020000000,유성구,3020054700,노은2동,3020012100,죽동
1068,대전유성경찰서 1층(우),대전광역시 유성구청,대전광역시 유성구 죽동 629,3000000000,대전광역시,3020000000,유성구,3020054700,노은2동,3020012100,죽동
1070,유성구 청소년수련관 3층(좌),대전광역시 유성구청,대전광역시 유성구 죽동 601-1,3000000000,대전광역시,3020000000,유성구,3020054700,노은2동,3020012100,죽동
1071,유성구 청소년수련관 3층(우),대전광역시 유성구청,대전광역시 유성구 죽동 601-1,3000000000,대전광역시,3020000000,유성구,3020054700,노은2동,3020012100,죽동
1072,유성구 청소년수련관 2층(좌),대전광역시 유성구청,대전광역시 유성구 죽동 601-1,3000000000,대전광역시,3020000000,유성구,3020054700,노은2동,3020012100,죽동
1073,유성구 청소년수련관 2층(우),대전광역시 유성구청,대전광역시 유성구 죽동 601-1,3000000000,대전광역시,3020000000,유성구,3020054700,노은2동,3020012100,죽동
1074,유성구 청소년수련관 1층,대전광역시 유성구청,대전광역시 유성구 죽동 601-1,3000000000,대전광역시,3020000000,유성구,3020054700,노은2동,3020012100,죽동
1042,수통골주차장,대전광역시 유성구청,대전광역시 유성구 계산동 667-2,3000000000,대전광역시,3020000000,유성구,3020052000,진잠동,3020010600,계산동
1077,국립대전현충원 양성평등화장실,대전광역시 유성구청,대전광역시 유성구 갑동 334-14,3000000000,대전광역시,3020000000,유성구,3020054600,노은1동,3020011800,갑동
1078,국립대전현충원 장사병4묘역,대전광역시 유성구청,대전광역시 유성구 갑동 334-14,3000000000,대전광역시,3020000000,유성구,3020054600,노은1동,3020011800,갑동
1079,국립대전현충원 경찰관묘역,대전광역시 유성구청,대전광역시 유성구 갑동 334-14,3000000000,대전광역시,3020000000,유성구,3020054600,노은1동,3020011800,갑동
1080,국립대전현충원 현충관 옆,대전광역시 유성구청,대전광역시 유성구 갑동 334-14,3000000000,대전광역시,3020000000,유성구,3020054600,노은1동,3020011800,갑동
1081,국립대전현충원 봉안관 뒤,대전광역시 유성구청,대전광역시 유성구 갑동 334-14,3000000000,대전광역시,3020000000,유성구,3020054600,노은1동,3020011800,갑동
1082,국립대전현충원 장군2묘역,대전광역시 유성구청,대전광역시 유성구 갑동 334-14,3000000000,대전광역시,3020000000,유성구,3020054600,노은1동,3020011800,갑동
1083,국립대전현충원 사병3묘역,대전광역시 유성구청,대전광역시 유성구 갑동 334-14,3000000000,대전광역시,3020000000,유성구,3020054600,노은1동,3020011800,갑동
1084,국립대전현충원 사병2묘역,대전광역시 유성구청,대전광역시 유성구 갑동 334-14,3000000000,대전광역시,3020000000,유성구,3020054600,노은1동,3020011800,갑동
1085,국립대전현충원 현충탑 뒤,대전광역시 유성구청,대전광역시 유성구 갑동 334-14,3000000000,대전광역시,3020000000,유성구,3020054600,노은1동,3020011800,갑동
1086,국립대전현충원 장군1묘역,대전광역시 유성구청,대전광역시 유성구 갑동 334-14,3000000000,대전광역시,3020000000,유성구,3020054600,노은1동,3020011800,갑동
1087,국립대전현충원 애국지사1묘역,대전광역시 유성구청,대전광역시 유성구 갑동 334-14,3000000000,대전광역시,3020000000,유성구,3020054600,노은1동,3020011800,갑동
1088,국립대전현충원 장교1묘역,대전광역시 유성구청,대전광역시 유성구 갑동 334-14,3000000000,대전광역시,3020000000,유성구,3020054600,노은1동,3020011800,갑동
1089,국립대전현충원 보훈미래관 뒤,대전광역시 유성구청,대전광역시 유성구 갑동 334-14,3000000000,대전광역시,3020000000,유성구,3020054600,노은1동,3020011800,갑동
1090,국립대전현충원 사병1묘역,대전광역시 유성구청,대전광역시 유성구 갑동 334-14,3000000000,대전광역시,3020000000,유성구,3020054600,노은1동,3020011800,갑동
1091,국립대전현충원 매점 앞,대전광역시 유성구청,대전광역시 유성구 갑동 334-14,3000000000,대전광역시,3020000000,유성구,3020054600,노은1동,3020011800,갑동
1092,국립대전현충원 변전실 앞,대전광역시 유성구청,대전광역시 유성구 갑동 334-14,3000000000,대전광역시,3020000000,유성구,3020054600,노은1동,3020011800,갑동
1093,국립대전현충원 민원안내실,대전광역시 유성구청,대전광역시 유성구 갑동 334-14,3000000000,대전광역시,3020000000,유성구,3020054600,노은1동,3020011800,갑동
1094,국립대전현충원 현충관 2층,대전광역시 유성구청,대전광역시 유성구 갑동 334-14,3000000000,대전광역시,3020000000,유성구,3020054600,노은1동,3020011800,갑동
1095,국립대전현충원 현충관 1층,대전광역시 유성구청,대전광역시 유성구 갑동 334-14,3000000000,대전광역시,3020000000,유성구,3020054600,노은1동,3020011800,갑동
1097,국립대전현충원 보훈미래관,대전광역시 유성구청,대전광역시 유성구 갑동 334-14,3000000000,대전광역시,3020000000,유성구,3020054600,노은1동,3020011800,갑동
1098,국립대전현충원 복지관 2층,대전광역시 유성구청,대전광역시 유성구 갑동 334-14,3000000000,대전광역시,3020000000,유성구,3020054600,노은1동,3020011800,갑동
1099,국립대전현충원 복지관 1층,대전광역시 유성구청,대전광역시 유성구 갑동 334-14,3000000000,대전광역시,3020000000,유성구,3020054600,노은1동,3020011800,갑동
1100,국립대전현충원 청사 1층,대전광역시 유성구청,대전광역시 유성구 갑동 334-14,3000000000,대전광역시,3020000000,유성구,3020054600,노은1동,3020011800,갑동
1101,유성도서관 3층,대전광역시 유성구청,대전광역시 유성구 가정동 37,3000000000,대전광역시,3020000000,유성구,3020055000,신성동,3020012600,가정동
1102,유성도서관 2층,대전광역시 유성구청,대전광역시 유성구 가정동 37,3000000000,대전광역시,3020000000,유성구,3020055000,신성동,3020012600,가정동
1104,대전교육과학연구원 5층,대전광역시 유성구청,대전광역시 유성구 가정동 36-1,3000000000,대전광역시,3020000000,유성구,3020055000,신성동,3020012600,가정동
1105,대전교육과학연구원 4층,대전광역시 유성구청,대전광역시 유성구 가정동 36-1,3000000000,대전광역시,3020000000,유성구,3020055000,신성동,3020012600,가정동
1106,대전교육과학연구원 3층,대전광역시 유성구청,대전광역시 유성구 가정동 36-1,3000000000,대전광역시,3020000000,유성구,3020055000,신성동,3020012600,가정동
1107,유성구 청소년수련관 지하1층,대전광역시 유성구청,대전광역시 유성구 죽동 601-1,3000000000,대전광역시,3020000000,유성구,3020054700,노은2동,3020012100,죽동
1108,유성구 장애인종합복지관 수영장 3층,대전광역시 유성구청,대전광역시 유성구 죽동 600,3000000000,대전광역시,3020000000,유성구,3020054700,노은2동,3020012100,죽동
1109,유성구 장애인종합복지관 수영장 2층,대전광역시 유성구청,대전광역시 유성구 죽동 600,3000000000,대전광역시,3020000000,유성구,3020054700,노은2동,3020012100,죽동
1110,유성구 장애인종합복지관 수영장 1층,대전광역시 유성구청,대전광역시 유성구 죽동 600,3000000000,대전광역시,3020000000,유성구,3020054700,노은2동,3020012100,죽동
1111,유성구 장애인종합복지관 수영장 지하1층,대전광역시 유성구청,대전광역시 유성구 죽동 600,3000000000,대전광역시,3020000000,유성구,3020054700,노은2동,3020012100,죽동
1112,유성구 장애인종합복지관 3층,대전광역시 유성구청,대전광역시 유성구 죽동 600,3000000000,대전광역시,3020000000,유성구,3020054700,노은2동,3020012100,죽동
1113,유성구 장애인종합복지관 2층,대전광역시 유성구청,대전광역시 유성구 죽동 600,3000000000,대전광역시,3020000000,유성구,3020054700,노은2동,3020012100,죽동
1114,유성구 장애인종합복지관 1층,대전광역시 유성구청,대전광역시 유성구 죽동 600,3000000000,대전광역시,3020000000,유성구,3020054700,노은2동,3020012100,죽동
1115,유성구 장애인종합복지관 지하1층,대전광역시 유성구청,대전광역시 유성구 죽동 600,3000000000,대전광역시,3020000000,유성구,3020054700,노은2동,3020012100,죽동
1116,북대전세무서 3층,대전광역시 유성구청,대전광역시 유성구 죽동 597-1,3000000000,대전광역시,3020000000,유성구,3020054700,노은2동,3020012100,죽동
1117,북대전세무서 2층,대전광역시 유성구청,대전광역시 유성구 죽동 597-1,3000000000,대전광역시,3020000000,유성구,3020054700,노은2동,3020012100,죽동
1118,북대전세무서 1층,대전광역시 유성구청,대전광역시 유성구 죽동 597-1,3000000000,대전광역시,3020000000,유성구,3020054700,노은2동,3020012100,죽동
1121,엑스포근린공원,대전광역시 유성구청,대전광역시 유성구 전민동 467-3,3000000000,대전광역시,3020000000,유성구,3020057000,전민동,3020014100,전민동
1122,전민119안전센터 1층,대전광역시 유성구청,대전광역시 유성구 전민동 467-2,3000000000,대전광역시,3020000000,유성구,3020057000,전민동,3020014100,전민동
1123,아리어린이공원,대전광역시 유성구청,대전광역시 유성구 전민동 466-2,3000000000,대전광역시,3020000000,유성구,3020057000,전민동,3020014100,전민동
1124,전민게이트볼장,대전광역시 유성구청,대전광역시 유성구 전민동 464-4,3000000000,대전광역시,3020000000,유성구,3020057000,전민동,3020014100,전민동
1125,왕골근린공원,대전광역시 유성구청,대전광역시 유성구 전민동 463-2,3000000000,대전광역시,3020000000,유성구,3020057000,전민동,3020014100,전민동
1126,전민동주민센터 3층,대전광역시 유성구청,대전광역시 유성구 전민동 462-6,3000000000,대전광역시,3020000000,유성구,3020057000,전민동,3020014100,전민동
1127,전민동주민센터 2층,대전광역시 유성구청,대전광역시 유성구 전민동 462-6,3000000000,대전광역시,3020000000,유성구,3020057000,전민동,3020014100,전민동
1128,전민동주민센터 1층,대전광역시 유성구청,대전광역시 유성구 전민동 462-6,3000000000,대전광역시,3020000000,유성구,3020057000,전민동,3020014100,전민동
1129,전광어린이공원,대전광역시 유성구청,대전광역시 유성구 전민동 369-1,3000000000,대전광역시,3020000000,유성구,3020057000,전민동,3020014100,전민동
1130,전민어린이공원,대전광역시 유성구청,대전광역시 유성구 전민동 346-6,3000000000,대전광역시,3020000000,유성구,3020057000,전민동,3020014100,전민동
1133,대전광역시 인재개발원 생활관동 3층 남자화장실,대전광역시 유성구청,대전광역시 유성구 장동 25-5,3000000000,대전광역시,3020000000,유성구,3020055000,신성동,3020012800,장동
1134,대전광역시 인재개발원 생활관동 2층 여자화장실,대전광역시 유성구청,대전광역시 유성구 장동 25-5,3000000000,대전광역시,3020000000,유성구,3020055000,신성동,3020012800,장동
1135,대전광역시 인재개발원 생활관동 1층,대전광역시 유성구청,대전광역시 유성구 장동 25-5,3000000000,대전광역시,3020000000,유성구,3020055000,신성동,3020012800,장동
1136,대전교육과학연구원 2층,대전광역시 유성구청,대전광역시 유성구 가정동 36-1,3000000000,대전광역시,3020000000,유성구,3020055000,신성동,3020012600,가정동
1137,대전교육과학연구원 1층,대전광역시 유성구청,대전광역시 유성구 가정동 36-1,3000000000,대전광역시,3020000000,유성구,3020055000,신성동,3020012600,가정동
1138,대전교육과학연구원 지하1층,대전광역시 유성구청,대전광역시 유성구 가정동 36-1,3000000000,대전광역시,3020000000,유성구,3020055000,신성동,3020012600,가정동
1139,한국조폐공사 화폐박물관 본동 2층,대전광역시 유성구청,대전광역시 유성구 가정동 35,3000000000,대전광역시,3020000000,유성구,3020055000,신성동,3020012600,가정동
1140,한국조폐공사 화폐박물관 본동 1층,대전광역시 유성구청,대전광역시 유성구 가정동 35,3000000000,대전광역시,3020000000,유성구,3020055000,신성동,3020012600,가정동
1141,한국조폐공사 화폐박물관 별관동 1층,대전광역시 유성구청,대전광역시 유성구 가정동 35,3000000000,대전광역시,3020000000,유성구,3020055000,신성동,3020012600,가정동
1143,지질박물관 1층,대전광역시 유성구청,대전광역시 유성구 가정동 30,3000000000,대전광역시,3020000000,유성구,3020055000,신성동,3020012600,가정동
1145,궁동근린공원,대전광역시 유성구청,대전광역시 유성구 궁동 391,3000000000,대전광역시,3020000000,유성구,3020054000,온천2동,3020012200,궁동
1147,동잠어린이공원,대전광역시 유성구청,대전광역시 유성구 장대동 269-11,3000000000,대전광역시,3020000000,유성구,3020054000,온천2동,3020011700,장대동
1146,별밭어린이공원,대전광역시 유성구청,대전광역시 유성구 학하동 719-1,3000000000,대전광역시,3020000000,유성구,3020052000,진잠동,3020010500,학하동
1148,강변어린이공원,대전광역시 유성구청,대전광역시 유성구 문지동 664,3000000000,대전광역시,3020000000,유성구,3020057000,전민동,3020014000,문지동
1149,유성명물문화공원 - 족욕장 앞,대전광역시 유성구청,대전광역시 유성구 봉명동 574,3000000000,대전광역시,3020000000,유성구,3020053000,온천1동,3020011100,봉명동
1150,문지어린이공원,대전광역시 유성구청,대전광역시 유성구 문지동 637-7,3000000000,대전광역시,3020000000,유성구,3020057000,전민동,3020014000,문지동
1151,윗관들어린이공원,대전광역시 유성구청,대전광역시 유성구 관평동 1007번지,3000000000,대전광역시,3020000000,유성구,3020060000,관평동,3020014600,관평동
1153,유성구 평생학습원 구암센터 2층~3층 계단,대전광역시 유성구청,대전광역시 유성구 구암동 621-7,3000000000,대전광역시,3020000000,유성구,3020053000,온천1동,3020011200,구암동
1154,유성구 평생학습원 구암센터 2층,대전광역시 유성구청,대전광역시 유성구 구암동 621-7,3000000000,대전광역시,3020000000,유성구,3020053000,온천1동,3020011200,구암동
1155,유성구 평생학습원 구암센터 1층,대전광역시 유성구청,대전광역시 유성구 구암동 621-7,3000000000,대전광역시,3020000000,유성구,3020053000,온천1동,3020011200,구암동
1156,방죽어린이공원,대전광역시 유성구청,대전광역시 유성구 구암동 618-1,3000000000,대전광역시,3020000000,유성구,3020053000,온천1동,3020011200,구암동
1158,창리어린이공원,대전광역시 유성구청,대전광역시 유성구 구암동 588-9,3000000000,대전광역시,3020000000,유성구,3020053000,온천1동,3020011200,구암동
1159,구암동화장실,대전광역시 유성구청,대전광역시 유성구 구암동 527-218,3000000000,대전광역시,3020000000,유성구,3020053000,온천1동,3020011200,구암동
1160,현충원역,대전광역시 유성구청,대전광역시 유성구 구암동 423-1,3000000000,대전광역시,3020000000,유성구,3020053000,온천1동,3020011200,구암동
1161,구암119안전센터 1층,대전광역시 유성구청,대전광역시 유성구 구암동 35-1,3000000000,대전광역시,3020000000,유성구,3020053000,온천1동,3020011200,구암동
1162,국립중앙과학관 야외주차장(구),대전광역시 유성구청,대전광역시 유성구 구성동 32-2,3000000000,대전광역시,3020000000,유성구,3020054000,온천2동,3020012400,구성동
1163,국립중앙과학관 야외주차장(신),대전광역시 유성구청,대전광역시 유성구 구성동 32-2,3000000000,대전광역시,3020000000,유성구,3020054000,온천2동,3020012400,구성동
1164,국립중앙과학관 역사의광장,대전광역시 유성구청,대전광역시 유성구 구성동 32-2,3000000000,대전광역시,3020000000,유성구,3020054000,온천2동,3020012400,구성동
1165,대전광역시 인재개발원 본관동 3층(생활관 방향),대전광역시 유성구청,대전광역시 유성구 장동 25-5,3000000000,대전광역시,3020000000,유성구,3020055000,신성동,3020012800,장동
1166,대전광역시 인재개발원 본관동 3층(대강당 방향),대전광역시 유성구청,대전광역시 유성구 장동 25-5,3000000000,대전광역시,3020000000,유성구,3020055000,신성동,3020012800,장동
1167,대전광역시 인재개발원 본관동 2층(생활관 방향),대전광역시 유성구청,대전광역시 유성구 장동 25-5,3000000000,대전광역시,3020000000,유성구,3020055000,신성동,3020012800,장동
1168,대전광역시 인재개발원 본관동 2층(대강당 방향),대전광역시 유성구청,대전광역시 유성구 장동 25-5,3000000000,대전광역시,3020000000,유성구,3020055000,신성동,3020012800,장동
1169,대전광역시 인재개발원 본관동 1층(생활관 방향),대전광역시 유성구청,대전광역시 유성구 장동 25-5,3000000000,대전광역시,3020000000,유성구,3020055000,신성동,3020012800,장동
1170,대전광역시 인재개발원 본관동 1층(대강당 방향),대전광역시 유성구청,대전광역시 유성구 장동 25-5,3000000000,대전광역시,3020000000,유성구,3020055000,신성동,3020012800,장동
1171,대전충남지방중소벤처기업청 2층(중),대전광역시 유성구청,대전광역시 유성구 장동 23-3,3000000000,대전광역시,3020000000,유성구,3020055000,신성동,3020012800,장동
1172,대전충남지방중소벤처기업청 2층(좌),대전광역시 유성구청,대전광역시 유성구 장동 23-3,3000000000,대전광역시,3020000000,유성구,3020055000,신성동,3020012800,장동
1173,대전충남지방중소벤처기업청 1층(중),대전광역시 유성구청,대전광역시 유성구 장동 23-3,3000000000,대전광역시,3020000000,유성구,3020055000,신성동,3020012800,장동
1174,대전충남지방중소벤처기업청 1층(좌),대전광역시 유성구청,대전광역시 유성구 장동 23-3,3000000000,대전광역시,3020000000,유성구,3020055000,신성동,3020012800,장동
1179,온천2동주민센터 3층,대전광역시 유성구청,대전광역시 유성구 장대동 356-12,3000000000,대전광역시,3020000000,유성구,3020054000,온천2동,3020011700,장대동
1180,온천2동주민센터 2층,대전광역시 유성구청,대전광역시 유성구 장대동 356-12,3000000000,대전광역시,3020000000,유성구,3020054000,온천2동,3020011700,장대동
1181,온천2동주민센터 1층,대전광역시 유성구청,대전광역시 유성구 장대동 356-12,3000000000,대전광역시,3020000000,유성구,3020054000,온천2동,3020011700,장대동
1152,학의숲유아숲,대전광역시 유성구청,대전광역시 유성구 계산동 산 19-1,3000000000,대전광역시,3020000000,유성구,3020052000,진잠동,3020010600,계산동
1186,유성새마을금고,대전광역시 유성구청,대전광역시 유성구 장대동 331-9,3000000000,대전광역시,3020000000,유성구,3020054000,온천2동,3020011700,장대동
1188,계명주유소,대전광역시 유성구청,대전광역시 유성구 장대동 301-3,3000000000,대전광역시,3020000000,유성구,3020054000,온천2동,3020011700,장대동
1189,유성구 보건소 3층,대전광역시 유성구청,대전광역시 유성구 장대동 282-15,3000000000,대전광역시,3020000000,유성구,3020054000,온천2동,3020011700,장대동
1190,유성구 보건소 2층,대전광역시 유성구청,대전광역시 유성구 장대동 282-15,3000000000,대전광역시,3020000000,유성구,3020054000,온천2동,3020011700,장대동
1191,유성구 보건소 1층,대전광역시 유성구청,대전광역시 유성구 장대동 282-15,3000000000,대전광역시,3020000000,유성구,3020054000,온천2동,3020011700,장대동
1192,유성시장,대전광역시 유성구청,대전광역시 유성구 장대동 277-10,3000000000,대전광역시,3020000000,유성구,3020054000,온천2동,3020011700,장대동
1193,국립중앙과학관 과학교육관 1층,대전광역시 유성구청,대전광역시 유성구 구성동 32-2,3000000000,대전광역시,3020000000,유성구,3020054000,온천2동,3020012400,구성동
1194,국립중앙과학관 과학캠프관 1층,대전광역시 유성구청,대전광역시 유성구 구성동 32-2,3000000000,대전광역시,3020000000,유성구,3020054000,온천2동,3020012400,구성동
1195,국립중앙과학관 생물탐구관,대전광역시 유성구청,대전광역시 유성구 구성동 32-2,3000000000,대전광역시,3020000000,유성구,3020054000,온천2동,3020012400,구성동
1196,국립중앙과학관 관람객식당,대전광역시 유성구청,대전광역시 유성구 구성동 32-2,3000000000,대전광역시,3020000000,유성구,3020054000,온천2동,3020012400,구성동
1197,국립중앙과학관 자기부상역사관,대전광역시 유성구청,대전광역시 유성구 구성동 32-2,3000000000,대전광역시,3020000000,유성구,3020054000,온천2동,3020012400,구성동
1198,국립중앙과학관 천체관,대전광역시 유성구청,대전광역시 유성구 구성동 32-2,3000000000,대전광역시,3020000000,유성구,3020054000,온천2동,3020012400,구성동
1199,국립중앙과학관 창의나래관 1층,대전광역시 유성구청,대전광역시 유성구 구성동 32-2,3000000000,대전광역시,3020000000,유성구,3020054000,온천2동,3020012400,구성동
1200,국립중앙과학관 싸이언스홀,대전광역시 유성구청,대전광역시 유성구 구성동 32-2,3000000000,대전광역시,3020000000,유성구,3020054000,온천2동,3020012400,구성동
1201,국립중앙과학관 자연사관,대전광역시 유성구청,대전광역시 유성구 구성동 32-2,3000000000,대전광역시,3020000000,유성구,3020054000,온천2동,3020012400,구성동
1202,국립중앙과학관 과학기술관 2층,대전광역시 유성구청,대전광역시 유성구 구성동 32-2,3000000000,대전광역시,3020000000,유성구,3020054000,온천2동,3020012400,구성동
1203,국립중앙과학관 과학기술관 1층,대전광역시 유성구청,대전광역시 유성구 구성동 32-2,3000000000,대전광역시,3020000000,유성구,3020054000,온천2동,3020012400,구성동
1204,국립중앙과학관 과학기술관 지하1층,대전광역시 유성구청,대전광역시 유성구 구성동 32-2,3000000000,대전광역시,3020000000,유성구,3020054000,온천2동,3020012400,구성동
1205,대전지방기상청 3층,대전광역시 유성구청,대전광역시 유성구 구성동 22,3000000000,대전광역시,3020000000,유성구,3020054000,온천2동,3020012400,구성동
1206,한국도로공사 유성영업소,대전광역시 유성구청,대전광역시 유성구 장대동 261-1,3000000000,대전광역시,3020000000,유성구,3020054000,온천2동,3020011700,장대동
1207,유성IC광장,대전광역시 유성구청,대전광역시 유성구 장대동 240-43,3000000000,대전광역시,3020000000,유성구,3020054000,온천2동,3020011700,장대동
1211,유성장옥,대전광역시 유성구청,대전광역시 유성구 장대동 191-7,3000000000,대전광역시,3020000000,유성구,3020054000,온천2동,3020011700,장대동
1213,희망쉼터,대전광역시 유성구청,대전광역시 유성구 자운동 41-11,3000000000,대전광역시,3020000000,유성구,3020055000,신성동,3020013400,자운동
1218,대전광역시 시설관리공단 하수처리장 체육공원,대전광역시 유성구청,대전광역시 유성구 원촌동 24-9,3000000000,대전광역시,3020000000,유성구,3020057000,전민동,3020014200,원촌동
1219,대전광역시 시설관리공단 본부 3층,대전광역시 유성구청,대전광역시 유성구 원촌동 24-9,3000000000,대전광역시,3020000000,유성구,3020057000,전민동,3020014200,원촌동
1220,대전광역시 시설관리공단 본부 2층(동),대전광역시 유성구청,대전광역시 유성구 원촌동 24-9,3000000000,대전광역시,3020000000,유성구,3020057000,전민동,3020014200,원촌동
1221,대전광역시 시설관리공단 본부 2층(남),대전광역시 유성구청,대전광역시 유성구 원촌동 24-9,3000000000,대전광역시,3020000000,유성구,3020057000,전민동,3020014200,원촌동
1222,대전광역시 시설관리공단 본부 1층,대전광역시 유성구청,대전광역시 유성구 원촌동 24-9,3000000000,대전광역시,3020000000,유성구,3020057000,전민동,3020014200,원촌동
1223,대전청소년비행예방센터 야외화장실,대전광역시 유성구청,대전광역시 유성구 원촌동 224,3000000000,대전광역시,3020000000,유성구,3020057000,전민동,3020014200,원촌동
1224,대전청소년비행예방센터 법연수관(외부),대전광역시 유성구청,대전광역시 유성구 원촌동 224,3000000000,대전광역시,3020000000,유성구,3020057000,전민동,3020014200,원촌동
1225,대전청소년비행예방센터 법연수관2층,대전광역시 유성구청,대전광역시 유성구 원촌동 224,3000000000,대전광역시,3020000000,유성구,3020057000,전민동,3020014200,원촌동
1226,대전청소년비행예방센터 법연수관1층,대전광역시 유성구청,대전광역시 유성구 원촌동 224,3000000000,대전광역시,3020000000,유성구,3020057000,전민동,3020014200,원촌동
1227,대전청소년비행예방센터 법체험관2층,대전광역시 유성구청,대전광역시 유성구 원촌동 224,3000000000,대전광역시,3020000000,유성구,3020057000,전민동,3020014200,원촌동
1228,대전청소년비행예방센터 법체험관1층,대전광역시 유성구청,대전광역시 유성구 원촌동 224,3000000000,대전광역시,3020000000,유성구,3020057000,전민동,3020014200,원촌동
1230,도로교통공단 대전충남지부 3층,대전광역시 유성구청,대전광역시 유성구 원신흥동 579-1,3000000000,대전광역시,3020000000,유성구,3020052700,상대동,3020011500,상대동
1231,도로교통공단 대전충남지부 2층,대전광역시 유성구청,대전광역시 유성구 원신흥동 579-1,3000000000,대전광역시,3020000000,유성구,3020052700,상대동,3020011500,상대동
1232,도로교통공단 대전충남지부 1층,대전광역시 유성구청,대전광역시 유성구 원신흥동 579-1,3000000000,대전광역시,3020000000,유성구,3020052700,상대동,3020011500,상대동
1233,갈마봉근린공원게이트볼장,대전광역시 유성구청,대전광역시 유성구 지족동 837번지,3000000000,대전광역시,3020000000,유성구,3020054800,노은3동,3020012000,지족동
1234,우산봉어린이공원,대전광역시 유성구청,대전광역시 유성구 지족동 652번지,3000000000,대전광역시,3020000000,유성구,3020054800,노은3동,3020012000,지족동
1237,대전과학수사연구소 별관1층,대전광역시 유성구청,대전광역시 유성구 화암동 58-2,3000000000,대전광역시,3020000000,유성구,3020055000,신성동,3020013000,화암동
1238,대전과학수사연구소 본관1층,대전광역시 유성구청,대전광역시 유성구 화암동 58-2,3000000000,대전광역시,3020000000,유성구,3020055000,신성동,3020013000,화암동
1239,한국도로공사 북대전영업소,대전광역시 유성구청,대전광역시 유성구 화암동 5-2,3000000000,대전광역시,3020000000,유성구,3020055000,신성동,3020013000,화암동
1241,북대전IC광장,대전광역시 유성구청,대전광역시 유성구 화암동 194-19,3000000000,대전광역시,3020000000,유성구,3020055000,신성동,3020013000,화암동
1246,송림근린공원,대전광역시 유성구청,대전광역시 유성구 하기동 517,3000000000,대전광역시,3020000000,유성구,3020054700,노은2동,3020013200,하기동
1248,노은2동주민센터 3층,대전광역시 유성구청,대전광역시 유성구 하기동 411-1,3000000000,대전광역시,3020000000,유성구,3020054700,노은2동,3020013200,하기동
1249,노은2동주민센터 2층,대전광역시 유성구청,대전광역시 유성구 하기동 411-1,3000000000,대전광역시,3020000000,유성구,3020054700,노은2동,3020013200,하기동
1250,노은2동주민센터 1층,대전광역시 유성구청,대전광역시 유성구 하기동 411-1,3000000000,대전광역시,3020000000,유성구,3020054700,노은2동,3020013200,하기동
1251,노은2동주민센터 지하1층,대전광역시 유성구청,대전광역시 유성구 하기동 411-1,3000000000,대전광역시,3020000000,유성구,3020054700,노은2동,3020013200,하기동
1252,신성동주민센터 2층,대전광역시 유성구청,대전광역시 유성구 하기동 18-6,3000000000,대전광역시,3020000000,유성구,3020055000,신성동,3020013200,하기동
1253,신성동주민센터 1층,대전광역시 유성구청,대전광역시 유성구 하기동 18-6,3000000000,대전광역시,3020000000,유성구,3020055000,신성동,3020013200,하기동
1255,청벽산근린공원,대전광역시 유성구청,대전광역시 유성구 탑립동 712,3000000000,대전광역시,3020000000,유성구,3020060000,관평동,3020014300,탑립동
1256,대전세관 지정장치,대전광역시 유성구청,대전광역시 유성구 탑립동 693,3000000000,대전광역시,3020000000,유성구,3020060000,관평동,3020014300,탑립동
1257,대전세관 4층,대전광역시 유성구청,대전광역시 유성구 탑립동 693,3000000000,대전광역시,3020000000,유성구,3020060000,관평동,3020014300,탑립동
1258,대전세관 3층,대전광역시 유성구청,대전광역시 유성구 탑립동 693,3000000000,대전광역시,3020000000,유성구,3020060000,관평동,3020014300,탑립동
1259,대전세관 2층,대전광역시 유성구청,대전광역시 유성구 탑립동 693,3000000000,대전광역시,3020000000,유성구,3020060000,관평동,3020014300,탑립동
1261,월드컵경기장 4층,대전광역시 유성구청,대전광역시 유성구 노은동 270,3000000000,대전광역시,3020000000,유성구,3020054600,노은1동,3020011900,노은동
1262,월드컵경기장 3층,대전광역시 유성구청,대전광역시 유성구 노은동 270,3000000000,대전광역시,3020000000,유성구,3020054600,노은1동,3020011900,노은동
1263,월드컵경기장 2층,대전광역시 유성구청,대전광역시 유성구 노은동 270,3000000000,대전광역시,3020000000,유성구,3020054600,노은1동,3020011900,노은동
1264,월드컵경기장 1층,대전광역시 유성구청,대전광역시 유성구 노은동 270,3000000000,대전광역시,3020000000,유성구,3020054600,노은1동,3020011900,노은동
1265,월드컵경기장 지하1층,대전광역시 유성구청,대전광역시 유성구 노은동 270,3000000000,대전광역시,3020000000,유성구,3020054600,노은1동,3020011900,노은동
1267,행정타운주유소,대전광역시 유성구청,대전광역시 유성구 궁동 498,3000000000,대전광역시,3020000000,유성구,3020054000,온천2동,3020012200,궁동
1268,혜성빌딩,대전광역시 유성구청,대전광역시 유성구 궁동 482-3,3000000000,대전광역시,3020000000,유성구,3020054000,온천2동,3020012200,궁동
1269,설악추어탕,대전광역시 유성구청,대전광역시 유성구 궁동 479-8,3000000000,대전광역시,3020000000,유성구,3020054000,온천2동,3020012200,궁동
1271,장현근린공원,대전광역시 유성구청,대전광역시 유성구 궁동 477,3000000000,대전광역시,3020000000,유성구,3020054000,온천2동,3020012200,궁동
1272,태평양주유소,대전광역시 유성구청,대전광역시 유성구 궁동 448-1,3000000000,대전광역시,3020000000,유성구,3020054000,온천2동,3020012200,궁동
1273,욧골어린이공원,대전광역시 유성구청,대전광역시 유성구 궁동 413-7,3000000000,대전광역시,3020000000,유성구,3020054000,온천2동,3020012200,궁동
1274,궁동119안전센터 1층,대전광역시 유성구청,대전광역시 유성구 궁동 394,3000000000,대전광역시,3020000000,유성구,3020054000,온천2동,3020012200,궁동
1276,구암역,대전광역시 유성구청,대전광역시 유성구 구암동 96-7,3000000000,대전광역시,3020000000,유성구,3020053000,온천1동,3020011200,구암동
1280,유성구 보훈회관 2층,대전광역시 유성구청,대전광역시 유성구 구암동 622-6,3000000000,대전광역시,3020000000,유성구,3020053000,온천1동,3020011200,구암동
1282,유성구 평생학습원 구암센터 4층~옥상 계단,대전광역시 유성구청,대전광역시 유성구 구암동 621-7,3000000000,대전광역시,3020000000,유성구,3020053000,온천1동,3020011200,구암동
1283,유성구 평생학습원 구암센터 4층,대전광역시 유성구청,대전광역시 유성구 구암동 621-7,3000000000,대전광역시,3020000000,유성구,3020053000,온천1동,3020011200,구암동
1284,유성구 평생학습원 구암센터 3층~4층 계단,대전광역시 유성구청,대전광역시 유성구 구암동 621-7,3000000000,대전광역시,3020000000,유성구,3020053000,온천1동,3020011200,구암동
1285,유성구 평생학습원 구암센터 3층,대전광역시 유성구청,대전광역시 유성구 구암동 621-7,3000000000,대전광역시,3020000000,유성구,3020053000,온천1동,3020011200,구암동
1286,유성구 진잠건강나눔센터 2층,대전광역시 유성구청,대전광역시 유성구 원내동 200-7,3000000000,대전광역시,3020000000,유성구,3020052000,진잠동,3020010100,원내동
1287,유성구 진잠건강나눔센터 1층,대전광역시 유성구청,대전광역시 유성구 원내동 200-7,3000000000,대전광역시,3020000000,유성구,3020052000,진잠동,3020010100,원내동
1288,서광교회,대전광역시 유성구청,대전광역시 유성구 원내동 100-3,3000000000,대전광역시,3020000000,유성구,3020052000,진잠동,3020010100,원내동
1290,대전시립장애인종합복지관 2층,대전광역시 유성구청,대전광역시 유성구 용계동 319-1,3000000000,대전광역시,3020000000,유성구,3020052000,진잠동,3020010400,용계동
1291,대전시립장애인종합복지관 1층,대전광역시 유성구청,대전광역시 유성구 용계동 319-1,3000000000,대전광역시,3020000000,유성구,3020052000,진잠동,3020010400,용계동
1292,외삼동여가녹지공원,대전광역시 유성구청,대전광역시 유성구 외삼동 338-3,3000000000,대전광역시,3020000000,유성구,3020054700,노은2동,3020013800,외삼동
1295,유성구의회 1층,대전광역시 유성구청,대전광역시 유성구 어은동 109,3000000000,대전광역시,3020000000,유성구,3020054000,온천2동,3020012300,어은동
1296,유성구청 별관3층,대전광역시 유성구청,대전광역시 유성구 어은동 109,3000000000,대전광역시,3020000000,유성구,3020054000,온천2동,3020012300,어은동
1297,유성구청 별관2층,대전광역시 유성구청,대전광역시 유성구 어은동 109,3000000000,대전광역시,3020000000,유성구,3020054000,온천2동,3020012300,어은동
1298,유성구청 별관1층,대전광역시 유성구청,대전광역시 유성구 어은동 109,3000000000,대전광역시,3020000000,유성구,3020054000,온천2동,3020012300,어은동
1299,유성구청 7층,대전광역시 유성구청,대전광역시 유성구 어은동 109,3000000000,대전광역시,3020000000,유성구,3020054000,온천2동,3020012300,어은동
1300,유성구청 6층,대전광역시 유성구청,대전광역시 유성구 어은동 109,3000000000,대전광역시,3020000000,유성구,3020054000,온천2동,3020012300,어은동
1301,유성구청 5층,대전광역시 유성구청,대전광역시 유성구 어은동 109,3000000000,대전광역시,3020000000,유성구,3020054000,온천2동,3020012300,어은동
1302,유성구청 4층,대전광역시 유성구청,대전광역시 유성구 어은동 109,3000000000,대전광역시,3020000000,유성구,3020054000,온천2동,3020012300,어은동
1303,유성구청 3층,대전광역시 유성구청,대전광역시 유성구 어은동 109,3000000000,대전광역시,3020000000,유성구,3020054000,온천2동,3020012300,어은동
1304,유성구청 2층,대전광역시 유성구청,대전광역시 유성구 어은동 109,3000000000,대전광역시,3020000000,유성구,3020054000,온천2동,3020012300,어은동
1305,유성구청 1층,대전광역시 유성구청,대전광역시 유성구 어은동 109,3000000000,대전광역시,3020000000,유성구,3020054000,온천2동,3020012300,어은동
1306,한국도로공사 남세종영업소,대전광역시 유성구청,대전광역시 유성구 안산동 산2-9,3000000000,대전광역시,3020000000,유성구,3020054700,노은2동,3020013700,안산동
1308,유성구 노인복지관 3층,대전광역시 유성구청,대전광역시 유성구 신성동 372,3000000000,대전광역시,3020000000,유성구,3020055000,신성동,3020012500,신성동
1309,유성구 노인복지관 2층,대전광역시 유성구청,대전광역시 유성구 신성동 372,3000000000,대전광역시,3020000000,유성구,3020055000,신성동,3020012500,신성동
1310,유성구 노인복지관 1층,대전광역시 유성구청,대전광역시 유성구 신성동 372,3000000000,대전광역시,3020000000,유성구,3020055000,신성동,3020012500,신성동
1311,금성근린공원,대전광역시 유성구청,대전광역시 유성구 신성동 206,3000000000,대전광역시,3020000000,유성구,3020055000,신성동,3020012500,신성동
1312,수천이들공원,대전광역시 유성구청,대전광역시 유성구 신성동 193,3000000000,대전광역시,3020000000,유성구,3020055000,신성동,3020012500,신성동
1316,동강상사자운대주유소,대전광역시 유성구청,대전광역시 유성구 신봉동 150,3000000000,대전광역시,3020000000,유성구,3020055000,신성동,3020013500,신봉동
1319,구즉국민체육센터 2층,대전광역시 유성구청,대전광역시 유성구 송강동 9,3000000000,대전광역시,3020000000,유성구,3020058000,구즉동,3020014700,송강동
1320,구즉국민체육센터 1층,대전광역시 유성구청,대전광역시 유성구 송강동 9,3000000000,대전광역시,3020000000,유성구,3020058000,구즉동,3020014700,송강동
1321,송강근린공원,대전광역시 유성구청,대전광역시 유성구 송강동 9,3000000000,대전광역시,3020000000,유성구,3020058000,구즉동,3020014700,송강동
1326,송강게이트볼장,대전광역시 유성구청,대전광역시 유성구 송강동 36-2,3000000000,대전광역시,3020000000,유성구,3020058000,구즉동,3020014700,송강동
1327,구즉우체국,대전광역시 유성구청,대전광역시 유성구 송강동 36-1,3000000000,대전광역시,3020000000,유성구,3020058000,구즉동,3020014700,송강동
1328,송탄미술관 옆,대전광역시 유성구청,대전광역시 유성구 송강동 283,3000000000,대전광역시,3020000000,유성구,3020058000,구즉동,3020014700,송강동
996,노은도서관 2층,대전광역시 유성구청,대전광역시 유성구 지족동 871-6,3000000000,대전광역시,3020000000,유성구,3020054700,노은2동,3020012000,지족동
950,소라실근린공원,대전광역시 유성구청,대전광역시 유성구 지족동 994,3000000000,대전광역시,3020000000,유성구,3020054800,노은3동,3020012000,지족동
1103,유성도서관 1층,대전광역시 유성구청,대전광역시 유성구 가정동 37,3000000000,대전광역시,3020000000,유성구,3020055000,신성동,3020012600,가정동
1132,산수어린이공원,대전광역시 유성구청,대전광역시 유성구 전민동 265,3000000000,대전광역시,3020000000,유성구,3020057000,전민동,3020014100,전민동
1177,장대동화장실,대전광역시 유성구청,대전광역시 유성구 장대동 378,3000000000,대전광역시,3020000000,유성구,3020054000,온천2동,3020011700,장대동
1175,대전경제통상진흥원,대전광역시 유성구청,대전광역시 유성구 장동 23-14,3000000000,대전광역시,3020000000,유성구,3020055000,신성동,3020012800,장동
1314,말바위어린이공원,대전광역시 유성구청,대전광역시 유성구 신성동 151,3000000000,대전광역시,3020000000,유성구,3020055000,신성동,3020012500,신성동
1026,관평도서관 3층,대전광역시 유성구청,대전광역시 유성구 관평동 917,3000000000,대전광역시,3020000000,유성구,3020060000,관평동,3020014600,관평동
1096,국립대전현충원 보훈유가족쉼터,대전광역시 유성구청,대전광역시 유성구 갑동 334-14,3000000000,대전광역시,3020000000,유성구,3020054600,노은1동,3020011800,갑동
1281,유성구 보훈회관 1층,대전광역시 유성구청,대전광역시 유성구 구암동 622-6,3000000000,대전광역시,3020000000,유성구,3020053000,온천1동,3020011200,구암동
1315,주막어린이공원,대전광역시 유성구청,대전광역시 유성구 신성동 141-4,3000000000,대전광역시,3020000000,유성구,3020055000,신성동,3020012500,신성동
1330,엉고개어린이공원,대전광역시 유성구청,대전광역시 유성구 송강동 200-3,3000000000,대전광역시,3020000000,유성구,3020058000,구즉동,3020014700,송강동
1331,대전광역시 북부여성가족원 5층,대전광역시 유성구청,대전광역시 유성구 송강동 200-2,3000000000,대전광역시,3020000000,유성구,3020058000,구즉동,3020014700,송강동
1332,대전광역시 북부여성가족원 4층,대전광역시 유성구청,대전광역시 유성구 송강동 200-2,3000000000,대전광역시,3020000000,유성구,3020058000,구즉동,3020014700,송강동
1333,대전광역시 북부여성가족원 3층,대전광역시 유성구청,대전광역시 유성구 송강동 200-2,3000000000,대전광역시,3020000000,유성구,3020058000,구즉동,3020014700,송강동
1334,대전광역시 북부여성가족원 2층,대전광역시 유성구청,대전광역시 유성구 송강동 200-2,3000000000,대전광역시,3020000000,유성구,3020058000,구즉동,3020014700,송강동
1335,대전광역시 북부여성가족원 1층,대전광역시 유성구청,대전광역시 유성구 송강동 200-2,3000000000,대전광역시,3020000000,유성구,3020058000,구즉동,3020014700,송강동
1336,대전광역시 북부여성가족원 지하1층,대전광역시 유성구청,대전광역시 유성구 송강동 200-2,3000000000,대전광역시,3020000000,유성구,3020058000,구즉동,3020014700,송강동
1337,송강어린이공원,대전광역시 유성구청,대전광역시 유성구 송강동 184,3000000000,대전광역시,3020000000,유성구,3020058000,구즉동,3020014700,송강동
1338,구즉도서관 2층,대전광역시 유성구청,대전광역시 유성구 송강동 157,3000000000,대전광역시,3020000000,유성구,3020058000,구즉동,3020014700,송강동
1339,구즉도서관 1층,대전광역시 유성구청,대전광역시 유성구 송강동 157,3000000000,대전광역시,3020000000,유성구,3020058000,구즉동,3020014700,송강동
1340,송강사회복지관 별관2층,대전광역시 유성구청,대전광역시 유성구 송강동 10,3000000000,대전광역시,3020000000,유성구,3020058000,구즉동,3020014700,송강동
1341,송강사회복지관 별관1층,대전광역시 유성구청,대전광역시 유성구 송강동 10,3000000000,대전광역시,3020000000,유성구,3020058000,구즉동,3020014700,송강동
1342,송강사회복지관 3층,대전광역시 유성구청,대전광역시 유성구 송강동 10,3000000000,대전광역시,3020000000,유성구,3020058000,구즉동,3020014700,송강동
1343,송강사회복지관 2층,대전광역시 유성구청,대전광역시 유성구 송강동 10,3000000000,대전광역시,3020000000,유성구,3020058000,구즉동,3020014700,송강동
1344,송강사회복지관 1층,대전광역시 유성구청,대전광역시 유성구 송강동 10,3000000000,대전광역시,3020000000,유성구,3020058000,구즉동,3020014700,송강동
1345,성북산림욕장-하,대전광역시 유성구청,대전광역시 유성구 성북동 산84,3000000000,대전광역시,3020000000,유성구,3020052000,진잠동,3020010700,성북동
1346,성북산림욕장-상,대전광역시 유성구청,대전광역시 유성구 성북동 산72-3,3000000000,대전광역시,3020000000,유성구,3020052000,진잠동,3020010700,성북동
1347,대전광역시 시립박물관 3층,대전광역시 유성구청,대전광역시 유성구 상대동 488,3000000000,대전광역시,3020000000,유성구,3020052700,상대동,3020011500,상대동
1348,대전광역시 시립박물관 1층,대전광역시 유성구청,대전광역시 유성구 상대동 488,3000000000,대전광역시,3020000000,유성구,3020052700,상대동,3020011500,상대동
1349,천년근린공원,대전광역시 유성구청,대전광역시 유성구 상대동 484-5,3000000000,대전광역시,3020000000,유성구,3020052700,상대동,3020011500,상대동
1350,상대근린공원,대전광역시 유성구청,대전광역시 유성구 상대동 458-2,3000000000,대전광역시,3020000000,유성구,3020052700,상대동,3020011500,상대동
1352,대전유성경찰서 구즉파출소,대전광역시 유성구청,대전광역시 유성구 봉산동 296,3000000000,대전광역시,3020000000,유성구,3020058000,구즉동,3020014500,봉산동
1353,구즉동주민센터 2층,대전광역시 유성구청,대전광역시 유성구 봉산동 294,3000000000,대전광역시,3020000000,유성구,3020058000,구즉동,3020014500,봉산동
